Danish,English
er,is
jeg,I
det,that
du,you
ikke,no
at,yes
en,one
og,and
har,have
vi,we
til,to
på,on
hvad,what
mig,me
med,with
de,the
den,the
for,for
der,there
så,so
dig,you
han,he
kan,able to
af,of
vil,will
var,was
her,here
et,one
skal,shall
ved,by
men,but
om,about
nu,now
som,as
ja,Yes
min,mine
nej,no
noget,something
ham,him
hun,she
være,be
bare,Just
kom,came
din,your
hvor,where
os,U.S
dem,them
hvis,whose
ud,out
må,must
fra,from
se,see
godt,well
have,Garden
ville,would
gør,do
lige,just
okay,Okay
alle,all
op,up
lad,let
hvorfor,Why
tror,think
sig,Say
tak,thanks
hvordan,how
kommer,coming
få,few
kunne,could
gøre,do
meget,much
eller,or
hende,her
ingen,none
tilbage,back
hvem,who
gå,go
bliver,becomes
havde,had
efter,after
nok,enough
man,you
da,as
går,walks
alt,everything
sagde,said
mit,my
når,when
ind,Ind
vores,our
over,over
aldrig,never
nogen,anyone
måske,maybe
hans,his
skulle,should
mand,male
selv,self
to,thaw
mere,more
jo,Yes
jer,you
siger,say
også,also
lidt,little
dit,your
kun,only
deres,their
far,sheep
ser,SEE
blev,became
får,sheep
hej,Hi
sådan,such
dette,this
igen,again
sammen,together
denne,this
hele,all
hold,team
mine,my
tager,takes
ned,down
komme,come
dag,day
undskyld,sorry
tage,take
blive,be
mor,mother
væk,away
end,than
åh,Oh
sige,say
været,been
tid,time
fordi,because
helt,quite
sted,place
før,before
gjorde,did
god,good
gang,walk
år,year
tag,roof
laver,doing
mange,many
nogle,some
dine,yours
fik,got
mener,mean
ting,thing
lille,small
siden,since
altid,always
mr,mr
brug,use
folk,people
virkelig,really
vent,Wait
finde,find
anden,other
stadig,still
hjem,home
gud,God
liv,life
vej,way
kender,know
andre,others
klar,clear
tale,talk
mod,against
uden,Without
elsker,LOVE
set,seen
tre,three
hør,hear
ret,right
gerne,Gladly
hr,Sir
giv,Give
sir,Sir
sidste,last
tog,train
fanden,The fuck
intet,Nothing
død,death
fint,Fine
vel,well
nå,reach
jeres,your
lide,suffer
troede,thought
hendes,hers
hen,over
blevet,been
vide,know
gjort,done
sker,happens
bedre,better
ven,friend
første,first
hjælpe,help
vær,be
aften,evening
samme,same
andet,other things
hjælp,help
gik,went
vidste,knew
forstår,understand
arbejde,occupation
under,below
navn,name
sin,his
give,give
skat,treasure
eneste,only
høre,hear
penge,money
morgen,morning
endnu,yet
giver,Gives
burde,should
bedste,best
bruge,use
holde,hold
hey,Hey
synes,seem
sikker,sure
tro,believe
fortælle,tell
venner,friends
står,stands
stop,stop
sikkert,safe
nødt,need
længe,long
ok,OK
verden,world
engang,one time
taler,Speaking
stor,big
døde,died
hver,every
måde,manner
fyr,guy
ude,Out
hedder,called
finder,Finder
par,couple
store,Great
fandt,found
selvfølgelig,of course
fået,got
bange,afraid
skete,happened
først,first
snart,soon
næste,next
disse,these
holder,holder
øjeblik,moment
faktisk,actually
mænd,men
ihjel,to death
behøver,needs
betyder,means
pige,girl
hos,with
ellers,or else
flere,more
lort,Shit
gamle,Old
tiden,the time
ked,Sorry
søn,son
gode,excellent
hallo,Hello
prøver,Samples
ligesom,just like
stille,quietly
mennesker,people
rigtigt,right
dø,die
Jack,Jack
nye,New
børn,children
vist,shown
lave,make
minutter,minutes
lade,let
slå,beat
gav,gave
fem,five
huske,remember
galt,wrong
derfor,Therefore
orden,order
rigtig,correct
gange,times
pas,passport
helvede,hell
dage,days
kone,wife
fundet,found
alene,alone
farvel,Goodbye
møde,meet
taget,taken
allerede,already
bliv,Stay
hurtigt,quickly
én,one
herfra,from here
ønsker,wishes
ses,see ya
grund,reason
slags,kind of
kommet,Came
rolig,calm
hvilken,Which one
altså,So
bil,car
skyld,blame
familie,family
sagt,said
kvinde,woman
hørt,heard
fire,Four
venter,waiting
side,page
klare,pull off
hører,Hearing
vejen,the road
dræbe,kill
dreng,boy
hvornår,when
rundt,round
fortæl,tell
imod,against
arbejder,Works
dør,door
hellere,rather
frem,forward
senere,later
langt,long
del,share
hørte,heard
begge,both
håber,hope
længere,further
pis,Piss
fejl,error
bilen,the car
inden,before
nogensinde,ever
haft,had
Dr,DR
glad,glad
livet,life
sæt,set
kører,driving
heller,Neither
sket,happened
sandt,TRUE
hinanden,each other
næsten,almost
ny,new
inde,Inside
virker,works
leder,leader
hus,House
kæft,Shut up
ord,word
ingenting,nothing
politiet,the police
gået,gone
spørgsmål,questions
lang,long
pa,on
timer,hours
snakke,talk
lyder,Sounds
bag,Back
john,John
bror,brother
byen,the city
prøve,sample
kaptajn,captain
problem,problem
indtil,till
dog,However
tænkte,thought
videre,continue
sent,late
ben,leg
sød,sweet
løb,race
egen,own
ondt,Evil
barn,child
velkommen,Welcome
vise,show
fat,Fat
mens,while
omkring,around
igennem,through
fortalte,told
sit,his
problemer,problems
hva,What
slap,loose
forbi,past
gennem,through
kalder,Caller
job,job
tænker,think
ti,ten
ha,ha
fri,free
gammel,old
ringer,Rings
sjovt,Funny
færdig,done
fast,firm
snakker,Talking
våben,arms
klarer,clears
chance,chance
køre,drive
drenge,Boys
ligner,looks like
bad,bath
slår,hits
lader,barns
al,eel
stedet,the place
sidder,Sitting
ligger,lies
sa,so
hånd,hand
stå,stand
mad,food
stoppe,stop
hjemme,home
ad,ad
ske,Spoon
hader,hate
tænk,think
mest,most
seks,six
døren,the door
sgu,SGU
lavet,made
historie,history
the,The
vente,wait
tænke,think
tii,tii
nummer,number
flot,Nice
plads,space
hovedet,the head
resten,the rest
datter,daughter
svært,difficult
føler,feel
beklager,Sorry
fantastisk,fantastic
ring,ring
bor,ought to
slet,Delete
nat,night
prøv,try
helst,preferably
pengene,the money
hvilket,which
fortæller,Narrator
leve,live
mellem,between
glem,forget
ringe,call
live,Live
nyt,New
redde,save
tæt,close
kvinder,Women
blod,blood
jorden,the earth
skide,Skiing
stort,Great
spise,eat
herre,Mister
dræbt,Killed
uge,week
new,New
vand,water
tur,trip
dollars,dollars
kort,Map
sagen,the case
passer,match
luk,close
øjne,eyes
beder,Praying
lære,learn
time,hour
afsted,off
sine,Sine
spille,play
dræbte,killed
bruger,user
piger,Girls
gift,married
husker,Remembering
søster,sister
små,small
mindre,less
begynder,begins
forstået,understood
fuld,full
hjerte,heart
holdt,held
måtte,mat
huset,the House
præcis,exactly
bør,ought to
land,country
by,town
røven,The ass
øje,eye
lov,law
skynd,hurry
slut,end
fred,peace
læg,Lay
smuk,beautiful
sandheden,the truth
klokken,o'clock
spørge,ask
fedt,Cool
værsgo,here you go
spiller,player
kære,Dear
slog,beat
held,luck
kæreste,girlfriend
lkke,LKKE
unge,young
miss,Miss
lever,liver
jamen,But
knægt,boy
rigtige,right
alligevel,anyway
nede,Down
herrer,gentlemen
besked,message
slip,drop
roligt,Quiet
valg,choice
tænkt,thought
vis,View
findes,exist
oppe,up
lavede,made
seng,bed
kærlighed,love
fyre,guys
handler,trades
måneder,months
svin,pig
forstå,understand
masse,lot
find,find
dagen,the day
sætte,put
perfekt,Perfect
tom,empty
hoved,main
kl,KL
foran,in front of
idé,idea
fortalt,told
udenfor,Outside
muligt,possible
ansigt,face
agent,agent
forkert,wrong
rejse,trip
elskede,beloved
røv,ass
lyst,Lust
frank,Frank
stykke,piece
manden,the man
krig,war
Mrs,Mrs
ej,No.
hvert,Each
prøvede,tried
husk,Remember
foregår,going
vigtigt,important
aftale,appointment
venstre,left
endelig,finally
idiot,idiot
goddag,good day
Sam,Sam
svar,reply
spil,game
ønske,wish
plan,level
hårdt,hard
sætter,puts
dræber,kills
oh,Oh
sjov,fun
kamp,match
viser,shows
sikkerhed,security
millioner,Millions
sag,Case
chef,chief
skyde,shoot
højre,right
sender,sends
steder,places
arbejdet,the work
lykke,happiness
mening,opinion
damer,Ladies
værelse,room
hjælper,Helps
kør,drive
godmorgen,Good morning
derude,out there
betale,pay
uger,weeks
træk,Pull
klart,clearly
bede,pray
hænder,hands
godnat,good night
givet,given
kæmpe,competing
blot,Just
fly,aircraft
ligeglad,do not care
skyd,Shoot
film,movie
talte,spoke
ringede,called
lover,Lions
natten,the night
Charlie,Charlie
hente,pick up
syv,seven
pistol,pistol
værd,worth
sikke,What
forældre,parents
gutter,guys
Peter,Peter
rart,nice
let,easy
York,York
tja,Well
vinder,winner
fandens,damn
aner,Angle
sidst,last
tøj,clothing
værre,worse
harry,Harry
talt,spoken
fald,fall
dårligt,bad
general,general
dum,stupid
sove,sleep
hvide,White
træt,tired
tidligere,earlier
spørger,asks
derinde,in there
stod,stood
straks,immediately
købe,buy
skrive,write
javel,Yes
følge,follow
største,largest
mindste,minimum
kendte,Known
person,person
begyndte,began
mærke,feel
baby,Baby
fuck,Fuck
gider,bother
skyder,shooting
lys,light
sekunder,seconds
henter,picks up
hund,Dog
desværre,unfortunately
søde,sweetie
nød,distress
sidde,sit
skudt,shot
utroligt,Incredible
tjeneste,favor
bog,book
ende,end
tal,speak up
indenfor,within
tillykke,Congratulations
øjnene,the eyes
tv,TV
james,James
mente,meant
smule,A bit
menneske,human being
dårlig,bad
mødes,meet
skød,lap
sendt,Sent
doktor,doctor
mangler,missing
læse,read
Michael,Michael
vejret,weather
makker,Maker
kaffe,coffee
følger,follows
enhver,any
otte,Eight
onkel,Uncle
hår,hair
større,bigger
præsident,president
løbe,run
beskytte,protect
kigger,Looking
øh,Uh
fortsæt,continue
fru,Mrs.
vild,wild
åbne,Open
dyr,animals
skade,damage
billede,picture
eget,own
syg,ill
fyren,the guy
sort,black
bord,table
betaler,pays
højt,high
slået,beaten
dumme,stupid
fest,party
George,George
vinde,win
sende,send
kig,look
mike,Mike
lod,sounded
følg,Follow
lig,corpse
spiser,Eating
mistet,lost
røvhul,asshole
sex,Sex
sid,Sid
pigen,the girl
hertil,For this
ære,honour
dame,Lady
fængsel,prison
smukt,Beautiful
lede,look for
sat,SAT
anderledes,different
mester,master
kontor,office
vii,we you
døden,Death
sendte,sent
yeah,Yeah
hent,fetch
sorte,Blacks
drikke,drinking
travlt,busy
David,David
dejligt,Nice
glemt,Forgot
spor,track
tingene,the things
ung,young
skole,school
passe,fit
rør,tube
rette,fix
begynde,begin
betjent,served
forklare,explain
ide,idea
fader,Father
landet,the country
skai,Skai
hænderne,the hands
umuligt,impossible
herinde,in here
drøm,dream
kalde,call
åben,open
alting,everything
ene,one
meter,meters
venlig,friendly
vandet,the water
luften,the air
tør,dry
fanget,Caught
fange,capture
overhovedet,at all
forhold,relationship
råd,advice
frue,lady
jimmy,Jimmy
smukke,gorgeous
uanset,Regardless
stole,chairs
godeste,Goodest
født,born
forsigtig,cautious
faldt,dropped
send,Send
spurgte,inquired
netop,exactly
syntes,seemed
bekymret,concerned
skolen,the school
elske,love
familien,the family
falder,falling
stil,style
føles,feels
egne,own
fare,danger
brugte,Used
sover,sleeping
vende,reverse
guds,God's
forlade,leave
nar,when
dele,share
løber,runs
tidspunkt,point in time
advokat,lawyer
halv,half
oberst,colonel
max,Max
kendt,known
mødt,met
bo,Bo
fører,driver
kende,know
slippe,let go
lærer,teacher
slås,fight
stolt,proud
stopper,stops
læge,doctor
mund,mouth
kigge,Look
drink,drink
direkte,direct
fbi,FBI
bedst,best
mord,murder
ændre,amend
nemlig,Exactly
telefon,telephone
angreb,attack
rejser,Travel
ordre,order
sikre,ensure
normalt,normally
smid,Throw
konge,king
ægte,genuine
flyve,fly
ordne,fix
skylder,owes
skriver,writes
ni,nine
rent,clean
ødelægge,destroy
skib,ship
satan,Satan
joe,Joe
fart,speed
vender,turn
brugt,used
prøvet,tried
telefonen,the phone
vore,Our
børnene,The children
krigen,the war
kontakt,Contact
gave,gift
skør,crazy
mødte,met
skrev,wrote
ærligt,honestly
bestemt,specific
ild,fire
middag,Dinner
ryger,Smoker
satans,Satans
naturligvis,Of course
kørte,driving
stemme,vote
slemt,Bad
bob,Bob
stand,Stand
ah,Ah
lyset,the light
problemet,The problem
paul,Paul
lukket,closed
skid,Shit
hav,sea
føle,feel
forsøger,trying
aftes,Night
fars,Father
jesus,Jesus
blå,blue
krop,body
flyt,move
historien,the story
forkerte,Incorrect
glemme,forget
pænt,nice
pris,price
mistede,lost
ma,must
alex,Alex
dér,There
glemte,forgot
forsvind,get lost
stærk,strong
billeder,Pictures
hurtigere,faster
starte,start
nær,near
taber,loser
undskylde,excuse
frøken,miss
reddede,saved
bill,Bill
levende,live
bryder,Breaks
fleste,Most
derovre,over there
løgn,lie
lært,learned
skrevet,written
magt,power
ro,Ran
underligt,weird
venligst,Please
paris,Paris
løs,loose
an,An
dræb,Kill
selvom,though
enkelt,single
sang,song
vred,angry
øl,beer
stykker,pieces
rum,room
lyver,lies
sulten,hungry
tredje,third
musik,music
parat,ready
masser,Lots
løjtnant,lieutenant
interessant,interesting
midt,in the middle
starter,Starting
miste,lose
slipper,LOADS
ender,ends
vildt,Wild
kammerat,companion
kampen,the fight
opgave,task
verdens,The world
professor,professor
onde,Evil
hospitalet,the hospital
flytte,move
bed,pray
tide,Tide
red,Ed
lægge,put
snak,chat
beviser,proof
mister,Mister
heldig,lucky
sur,angry
sad,Sad
stjal,stole
skibet,the ship
trække,drag
all,All
færdige,done
forbandede,damned
skam,shame
kraft,power
skud,shot
tidligt,early
savner,miss
styrke,strength
egentlig,actually
danse,dance
pludselig,suddenly
wow,Wow
fjols,fool
lege,play
fremtiden,the future
tusind,thousand
li,Li
klarede,managed
kaldte,called
stol,chair
sã,so
hær,Army
ren,clean
læst,Read
drengen,The boy
skaffe,provide
hel,whole
form,form
mål,Goal
nyheder,news
ramt,hit
lejlighed,apartment
kræver,demands
sko,shoe
skønt,wonderful
respekt,Respect
nemt,Easy
både,boats
sov,Sleep
ejer,owner
værste,worst
tegn,sign
kontrol,control
gaden,the street
overalt,everywhere
lærte,taught
mon,Mon
ganske,quite
spørg,ask
himlen,heaven
viste,showed
ønskede,wished
skrid,step
sværger,swearing
sjæl,soul
fin,fine
fucking,Fucking
høj,high
stoler,trust
plejede,used to
spillet,the game
skæbne,fate
mary,Mary
forelsket,in love
lav,low
præsidenten,the president
brød,Bread
ray,Ray
kys,kiss
km,km
flyver,Flying
følelser,emotions
særlig,particular
fortsætte,continue
tony,Tony
ødelagt,Destroyed
hul,hole
fisk,fish
håb,hope
johnny,Johnny
arbejdede,worked
ét,one
flyet,the plane
løbet,run
trækker,Pulling
ringet,Called
bringe,bring
skidt,Shit
vor,Our
hånden,the hand
begyndt,Beginning
frygt,fear
søger,searching
sten,stone
området,the area
meningen,The meaning
vend,Turn
right,Right
alvorligt,Seriously
drømme,dream
frodo,Frodo
tjek,Check
måned,month
røre,touch
evigt,forever
hvilke,which ones
interesseret,Interested
bekymre,worry
medmindre,Unless
bobby,Bobby
mulighed,possibility
ventet,waited
satte,set
danny,Danny
lovede,promised
jul,Christmas
adgang,access
dernede,down there
la,LA
skål,Cheers
bond,Bond
fornøjelse,pleasure
forsøgte,tried
hjerne,brain
ligge,lie
virkede,worked
vågn,Wake
udmærket,fine
amerikanske,American
pistolen,The gun
lægger,puts
hård,hard
falde,fall
ens,alike
møder,meetings
bringer,brings
ekstra,additional
pã,on
røde,red
ærlig,honest
usa,USA
såret,hurt
tjener,serving
pokker,Damn
retten,The Court
derfra,from there
personligt,personally
henry,Henry
endda,Even
sælge,sell
is,ice
forlader,Leaving
stakkels,poor
sødt,sweet
dens,Its
minder,Memories
dejlig,lovely
kongen,the king
forlod,left
ringen,the ring
smart,smart
hest,horse
enten,either
tanker,Thoughts
lngen,LNG
dybt,Deep
fod,foot
nervøs,nervous
farligt,Dangerous
lukke,close
tænder,teeth
hov,Oops
Jake,Jake
hurtig,fast
hop,Jump
Sarah,Sarah
føre,lead
deroppe,up there
drikker,Drinking
bære,bear
vandt,Won
tabt,lost
richard,Richard
klaret,done
lå,lay
Billy,Billy
lagde,laid
hjalp,helped
fanger,prisoners
nødvendigt,necessary
enig,Agree
start,start
Mark,field
dumt,stupid
amerika,America
køber,buyer
kald,Call
san,San
søvn,sleep
navnet,The name
bogen,the book
fortjener,deserves
mindst,least
morder,killer
bagefter,afterwards
hvid,white
område,territory
tilfælde,coincidence
vælge,choose
læser,reader
rejs,Travel
hverken,Neither
Eddie,Eddie
London,London
Dave,Dave
barnet,the child
båd,boat
sindssyg,insane
minut,minute
festen,the party
engelsk,English
sælger,selling
frokost,lunch
love,lion
varmt,warm
styr,Guide
glæde,joy
soldater,Soldiers
gulvet,the floor
te,tea
forskellige,various
ryggen,The back
ikk,not
planen,the plan
ordner,fixes
lytter,Listens
stemmer,votes
derhen,there
and,spirit
Jim,Jim
overleve,stay alive
stjålet,stolen
fuldstændig,complete
will,Will
fyldt,full
forsvandt,disappeared
besøg,visit
hotel,hotel
stjæle,steal
luft,air
fed,fat
åbner,opens
fremtid,future
derind,in there
brænder,Burner
takke,thank
kæmper,Fighting
vagt,guard
henne,her
højere,higher
planer,Plans
fatter,understand
gruppe,group
solen,the sun
bar,bar
vilje,will
Kate,Kate
Chris,Chris
fyret,fired
dengang,back then
smutte,slip away
lagt,laid
ventede,waited
bevise,prove
ovre,upper
glemmer,forget
fortsætter,continues
Washington,Washington
bortset,apart
korrekt,correct
derefter,Then
gal,mad
nærheden,The proximity
fandeme,damn
situation,situation
forsøg,attempt
lukker,Closing
sergent,sergeant
chancen,the chance
smerte,pain
bygningen,the building
valgte,chose
lækker,delicious
mors,Mors
fede,Fat
overstået,over
blandt,among
klog,wise
glas,glass
tilladelse,permission
købte,bought
fjern,Remove
floden,the river
regler,Rules
styre,manage
smutter,Slips
rummet,the room
Nick,Nick
politi,police
forventer,expect
bestemmer,determines
absolut,absolutely
drejer,Drejer
overfor,transfer
sluk,power off
dollar,dollar
myrdet,murdered
selvmord,suicide
lykkelig,happy
jord,land
brev,letter
betalt,paid
modtaget,Received
dårlige,bad
bank,bank
jobbet,the job
varm,warm
ovenpå,on top
tit,often
position,position
kælling,bitch
forestille,imagine
kræfter,strength
stikker,Sticking
gravid,pregnant
hed,hot
ordrer,orders
skifter,shifts
kød,meat
vigtig,important
morges,morning
røg,smoke
lyt,Listen
stoffer,drugs
million,million
arm,arm
overraskelse,surprise
fremad,Forward
træ,tree
william,William
beslutning,decision
ramte,hit
tjene,serve
nøglen,the key
mørke,darkness
mission,mission
dommer,judging
skabe,create
især,especially
maske,maybe
uheld,accident
soldat,soldier
allesammen,everybody
giftes,married
vinduet,the window
walter,Walter
års,years
åbenbart,apparently
fa,few
flytter,Moving
herover,Over here
slag,blows
målet,the goal
hænger,hangs
hjertet,the heart
skatter,Taxes
broen,the bridge
halvt,half
dæk,tire
klasse,grade
seriøst,seriously
gratis,free of charge
selskab,company
bryde,break
arthur,Arthur
tvivl,doubt
folkens,the people's
navne,Names
knap,button
tilhører,belongs to
frihed,freedom
åbn,open
hemmelighed,secret
fødselsdag,birthday
sørg,Make sure
rige,realm
jones,Jones
virkeligt,Really
munden,mouth
guld,gold
gifte,Married
medicin,medicine
øen,the island
løj,lied
ændret,changed
herind,In here
biler,cars
svaret,the answer
ældre,Elderly
sengen,the bed
grin,laughs
kontoret,the office
rend,Rend
undgå,avoid
rører,touches
vegne,behalf
efterlod,left behind
havet,the ocean
bærer,carrier
reglerne,the rules
major,Major
rom,Rome
svare,reply
rød,red
optaget,taken
flygte,escape
bedt,Prayed
glæder,joys
spændende,exciting
oplysninger,information
ødelægger,destroying
sværd,sword
virke,work
kørt,driven
forsvinder,disappears
herude,out here
forskel,difference
låne,borrow
snakkede,talked
tabte,lost
særligt,Especially
pik,Cock
frisk,fresh
fjerne,remove
totalt,in total
leo,Leo
skridt,steps
godaften,good evening
nærmere,closer
købt,bought
kop,cup
koster,costs
anna,Anna
spillede,played
stik,Sticks
langsomt,slowly
hyggeligt,cozy
regel,Rule
halvdelen,half
vælger,choose
robert,Robert
specielt,especially
dan,Dan
charles,Charles
gemmer,hide
koldt,cold
følte,felt
luder,whore
rod,red
beholde,retain
startede,started
ofte,frequent
ferie,vacation
drik,drink
loven,the law
sejt,tough
savnet,missing
mærkeligt,strange
dét,that
angrebet,attacked
sager,Cases
dygtig,Skill
låst,Locked
bøger,books
pigerne,the girls
systemet,the system
forsvundet,disappeared
ansvar,responsibility
morsomt,Funny
skabt,created
pakke,package
bordet,the table
varme,heat
smide,throw
lugter,Smells
brødre,brothers
street,Street
lyve,lie
nr,No.
toilettet,the toilet
stikke,Stick
træner,coach
date,Date
alder,age
vaere,be
fængslet,The prison
cia,CIA
båden,the boat
big,Big
synge,sing
stak,stack
plejer,carer
stands,Stands
toget,the train
nærmer,approaching
larry,Larry
kors,cross
kilometer,kilometer
lytte,listen
forbindelse,connection
smil,smile
led,LED
trænger,need
pokkers,Pokers
los,loose
england,England
styrer,Manager
of,of
eksempel,example
tommy,Tommy
høje,tall
gælder,applies
van,van
imellem,between
stiller,Stiller
skoven,the forest
nord,nerd
vidne,witness
claire,Claire
herren,the Lord
ond,evil
læste,read
glade,Happy
liste,list
thomas,Thomas
smed,blacksmith
partner,partner
sørge,mourn
trods,Despite
hævn,revenge
pause,break
majestæt,Majesty
hæren,the army
hmm,Hmm
valgt,selected
gemme,Saving
vilde,wild
herovre,over here
show,Show
vin,wine
dobbelt,double
skriv,Write
computer,PC
go,bark
lee,Lee
ofre,sacrifice
desuden,Moreover
gangen,the hallway
glip,Miss
morgenmad,breakfast
hundrede,hundred
mødtes,met
tider,Times
forretning,business
bånd,ties
forpulede,fucking
martin,Martin
kiggede,looked
bevæger,Moves
jane,Jane
bombe,bomb
besøge,visit
ifølge,according to
række,row
nåde,mercy
ballade,Trouble
lægen,the doctor
overlever,survive
svarer,answers
rene,clean
magi,magic
regne,rain
herhen,here
utrolig,incredible
vrede,anger
av,Ouch
toppen,the top
joey,Joey
nul,zero
fungerer,Works
billedet,the picture
fødder,feet
mareridt,Nightmares
idag,Today
bort,away
filmen,the movie
træd,Step
type,type
super,Super
rapport,report
tidlig,early
fjenden,The enemy
vidst,Knowed
farlig,dangerous
spist,eaten
banken,the bank
tøs,lass
vundet,won
tosset,crazy
davs,Davs
smut,Smut
grunden,the reason
holdet,the team
regner,Rains
mands,Man's
heldige,lucky
reddet,saved
bud,bid
hvile,rest
syd,south
hunde,Dogs
klap,flap
forbandet,Cursed
halsen,The neck
ordentligt,properly
hernede,down here
rig,rich
ulykke,accident
andy,Andy
planet,planet
city,City
Rachel,Rachel
fjender,enemies
muligvis,possibly
doc,Doc
tiders,Times
lord,Lord
forsvinde,disappear
samlet,gathered
program,program
efterlade,leave behind
tjekke,check
ik,IK
visse,certain
maria,Mary
opmærksomhed,attention
spis,Eat
kjole,dress
vidt,far
dans,dance
maden,the food
æg,egg
steve,Steve
læs,Read
ed,oath
bolden,the ball
kvinden,the woman
ar,year
tryk,pressure
lokale,Local
jah,Yeah
fortræd,Under
bevis,proof
lyd,Sound
bygge,Build
tilgiv,forgive
regeringen,the government
bussen,the bus
boede,lived
løfte,lift
bryllup,wedding
anholdt,arrested
check,check
brian,Brian
taske,bag
præsentere,present
tabe,lose
senator,Senator
kysse,Kissing
ordet,The word
nåede,made it
dronning,queen
sprog,language
brænde,burn
energi,energy
tante,Aunt
pete,Pete
jerry,Jerry
tæller,counting
perfekte,Perfect
aftenen,The evening
signal,signal
fremmede,strangers
bedstemor,grandmother
fætter,cousin
lucy,Lucy
hat,hat
bedstefar,grandfather
forsøge,try
flok,bunch
nået,reached
bygget,build
fulde,full
kaptajnen,The Captain
støtte,support
mexico,Mexico
situationen,the situation
hotellet,the hotel
samtale,conversation
kurs,price
liget,The corpse
lange,long
kode,code
hvabehar,Hvabehar
smith,Smith
derhjemme,at home
ansigtet,the face
fælde,trap
ændrer,change
skilt,sign
lugte,odors
evner,Abilities
fulgte,followed
procent,percentage
sand,TRUE
fjende,enemy
lækkert,Delicious
opkald,Call
hellige,Holy
kevin,Kevin
system,system
drengene,The boys
ægteskab,marriage
bukserne,The pants
dukker,dolls
uskyldig,innocent
ødelagde,destroyed
grader,degrees
vigtigste,most important
banen,the course
stjerne,star
lande,Countries
chefen,the boss
broder,brother
glædelig,happy
slappe,Relax
fis,Fis
gøres,done
løse,solve
undersøge,look into
ledte,Lead
smider,throws
kortet,the card
vegas,Vegas
planlagt,scheduled
point,point
fredag,Friday
næppe,barely
forfærdeligt,terrible
retning,direction
tanke,thought
bagved,Behind
viiie,VIIIE
firma,Business
samle,gather
gas,gas
operation,operation
historier,Stories
knæ,knee
hejsa,Hi there
prinsesse,princess
rammer,framework
skaber,Creator
frygter,Fear
danser,dancing
blomster,flowers
stærke,strong
håbede,hoped
minde,Memorial
kaldes,is called
leger,play
ga,go
kat,cat
skøre,crazy
ugen,the week
ombord,on board
tilbud,offer
ramme,frame
tættere,closer
bragt,brought
carter,Carter
kaste,throw
kirken,the church
phoebe,Phoebe
stoppede,stopped
dække,cover
kamera,camera
vidunderligt,Wonderful
sind,mind
blind,blind
deler,shares
forladt,abandoned
gæster,Guests
sal,sole
drop,Drop
skyldig,guilty
bekymrer,worries
offer,victim
kong,King
faldet,decreased
louis,Louis
gæt,guess
behold,keep
synd,sin
dna,DNA
unger,kids
radio,radio
kylling,chicken
muligheder,options
nægter,denies
enden,the end
betjente,Officers
kugle,ball
afdeling,department
stranden,the beach
skifte,switch
Ryan,Ryan
abe,monkey
afstand,distance
mistænkte,suspect
sinde,Mind
lørdag,Saturday
spørgsmålet,the question
don,Don
vågen,awake
angående,regarding
kast,throw
karriere,career
Marty,Marty
hænge,hang
gemt,saved
stærkt,strong
slem,Bad
stinker,stinks
smager,Tastes
ram,Ram
fremragende,Excellent
fugl,bird
st,st
bøsse,Gay
virkeligheden,Reality
data,Data
smag,taste
Jason,Jason
angeles,Angeles
besluttet,decided
kniv,knife
personer,persons
jep,Yup
listen,the list
skære,cut
ryg,back
folket,the people
cool,Cool
mød,meet
sherif,Sherif
grænsen,the border
mørket,the darkness
drage,Dragon
bukser,pants
savne,miss
begyndelsen,the beginning
privat,private
ur,clock
prisen,the price
pres,pressure
Simon,Simon
flyttet,moved
Roger,Roger
ted,Ted
betyde,mean
frankrig,France
cirka,about
beskytter,Protects
Daniel,Daniel
amerikansk,American
gid,may
mændene,the men
bytte,exchange
trist,sad
stationen,The station
skjule,hide
Chuck,Chuck
angriber,attacker
gar,walks
uh,Uh
næ,Well
vest,west
fine,Fine
falsk,FALSE
succes,success
omgang,lap
eftermiddag,afternoon
heste,Horses
nyder,enjoy
køkkenet,the kitchen
eksisterer,exists
vågner,Waking up
flyttede,moved
prins,Prince
sekund,second
forslag,proposals
størrelse,size
bygning,building
stærkere,stronger
skylden,blame
ordnet,sorted
kaldt,called
undskyldning,apology
aiie,Aiie
derover,over there
information,information
Alan,Alan
Lisa,Lisa
smidt,thrown
tillid,confidence
lukkede,closed
papirer,papers
spiste,ate
bruges,used
ryge,smoke
rejste,traveled
nedenunder,below
Matt,Matt
imponerende,impressive
varer,Items
voksen,adult
seneste,most recent
græde,cry
Barry,Barry
fuldt,Full
leg,play
tyve,thieves
herned,Here
Eric,Eric
alarm,Alarm
syge,Sick
morderen,the killer
meste,most
forstod,understood
skiderik,skiing
Alice,Alice
forbudt,forbidden
nyde,enjoy
årevis,for years
sande,TRUE
you,You
rar,pleasant
syn,vision
Edward,Edward
hjernen,the brain
Grace,Grace
begynd,Begin
snakket,talked
agenter,agents
foretrækker,prefer
porten,The gate
hud,skin
lyde,Sounds
rolle,role
radioen,the radio
boss,Boss
king,King
vædde,bet
opfører,behaves
college,College
blodet,the blood
gudskelov,thank God
adresse,address
gentager,Repeat
veninde,friend
bid,bite
væggen,the wall
tab,loss
tim,Tim
scott,Scott
ledt,led
beskidte,dirty
fløj,flew
sørger,Makes
farten,the speed
opdagede,discovered
please,Please
adam,Adam
næse,nose
forvirret,confused
troet,believed
hemmelige,Secret
vendt,turned
jakke,jacket
vanvittig,crazy
overrasket,surprised
tjekker,checks
kold,cold
kameraet,the camera
griner,laughing
bring,Bring
øre,ear
vagter,guards
arme,arms
jøsses,Jøsses
lufthavnen,the airport
maskine,machine
mandag,Monday
kaster,Throws
enige,Agree
grønne,green
udstyr,equipment
forsøgt,tried
regnede,rained
nyd,Enjoy
sider,pages
inviteret,invited
foreslår,suggests
bekendt,acquaintance
vogn,wagon
eventyr,fairy tale
bruce,Bruce
gandalf,Gandalf
samarbejde,Cooperation
herregud,Jesus Christ
panik,panic
yderst,EXTRA
skynde,Hurry
kroppen,The body
kirke,church
lignende,similar
drej,Turn
firmaet,the company
bande,gang
bragte,brought
turen,the trip
sej,cool
herop,Here
året,the year
oversat,Translated
papir,paper
fejltagelse,mistake
vare,product
betalte,paid
personlige,personal
carl,Carl
kvarter,quarter
kilo,kilo
temmelig,quite
californien,California
igang,on it
fair,Fair
fransk,French
forklaring,explanation
rock,Rock
heroppe,up here
normal,normal
kelly,Kelly
dækker,covers
mørkt,dark
speciel,special
sovet,Sleep
nøglerne,the keys
vover,dare
hemmeligt,secretly
fortjent,deserved
lykkedes,succeeded
skaf,SKAF
test,Test
top,top
plus,plus
vort,Our
advarsel,warning
stjæler,stealing
båndet,the tape
efterlader,Leaving behind
redder,Rescuer
sara,Sara
håbe,hope
tunge,tongue
knægten,The kid
vigtige,Important
standse,stop
victor,Victor
lød,sounded
tvivler,Doubt
morgenen,the morning
øst,east
acceptere,accept
tanken,the thought
solgt,SOLD
derop,up there
amy,Amy
hjørnet,the corner
gor,do
tilstand,condition
skræmmer,scares
hustru,wife
undtagen,except
in,In
hunden,The dog
forretninger,businesses
glimrende,Excellent
kugler,Bullets
frit,free
samler,Collector
tilfreds,satisfied
spurgt,asked
bomben,The bomb
behøvede,needed
levede,lived
kæmpede,fought
gammelt,Old
livs,Life
sporet,The track
skader,Damage
forsvare,defend
marcus,Marcus
iige,Iige
gem,Save
ta,toe
trussel,threat
benene,the legs
opdaget,Discovered
overlevede,survived
starten,beginning
ca,Ca
skræmmende,daunting
rask,healthy
spøg,joke
solgte,sold
kim,Kim
flaske,bottle
service,service
rose,rose
bravo,Bravo
farve,color
ron,Ron
gi,GI
fortiden,currently
trak,pulled
idioter,idiots
almindelig,ordinary
scenen,The scene
roy,Roy
derned,down there
underlig,Strange
banker,Banks
kage,cake
park,park
vold,violence
synger,Singing
tydeligt,clearly
whoa,Whoa
fingre,fingers
cole,Cole
bane,Lane
grav,grave
fremme,Promoting
takket,thanks
højhed,Highness
træning,work out
team,Team
Europa,Europe
virkelige,real
fingeraftryk,fingerprint
Hitler,Hitler
myrdede,murdered
assistent,assistant
amen,Amen
Lewis,Lewis
springer,Springer
monster,pattern
kneppe,fuck
hårde,hard
endte,ended
involveret,involved
angribe,attack
Jackson,Jackson
anelse,suspicion
sejr,victory
russerne,The Russians
Chicago,Chicago
lift,Lift
ånd,spirit
vendte,turned
slemme,bad
gæst,guest
bjergene,the mountains
star,Star
gad,Gad
præcist,spot on
ku,Ku
lås,lock
nøgle,key
begravet,buried
lettere,easier
skabte,created
latterligt,Ridiculous
sprang,jumped
forsvar,Defense
diskutere,discuss
hils,Greetings
månen,the moon
sexet,Sexy
regering,government
pligt,duty
etage,floor
handel,Trade
weekend,weekend
post,mail
Connor,Connor
dækket,covered
herligt,lovely
regnet,rained
gætte,guess
takker,Thank you
dom,Judgment
brudt,broken
formoder,suppose
heks,witch
Elizabeth,Elizabeth
Howard,Howard
løgner,liar
kopi,copy
grim,ugly
Sydney,Sydney
næsen,the nose
piper,Piper
miles,Miles
præst,priest
Susan,Susan
dukke,doll
engel,angel
fantastiske,amazing
piller,Pills
Berlin,Berlin
lady,Lady
hoppe,jump
projekt,project
bekræftet,confirmed
afslutte,quit
vinden,the wind
fremmed,stranger
geni,Geni
hopper,jumps
avisen,the newspaper
uskadt,unharmed
dukkede,dolled
myrde,murder
Kyle,Kyle
besluttede,decided
skæbnen,The destiny
medlem,member
halløj,Hello
røvhuller,assholes
aftalen,The deal
borte,away
dets,its
fælles,common
svømme,swim
spring,Spring
folks,People's
sygdom,disease
søndag,Sunday
modig,brave
nævnte,mentioned
jagt,Hunting
Tyler,Tyler
hemmeligheder,Secrets
dertil,Add to that
ansvarlig,responsible
gãr,walks
fortid,ahead of time
gæld,debt
viden,knowledge
svag,weak
lovet,promised
dagens,Today's
græder,crying
baren,the bar
krav,requirements
Johnson,Johnson
enhed,unit
Emily,Emily
kunst,art
fjerde,fourth
frk,Ms
jenny,Jenny
high,High
shit,Shit
pr,per
elsket,Loved
drømmer,Dream
phil,phil
moder,mother
helikopter,helicopter
ensom,lonely
sandhed,truth
beholder,container
nøgen,naked
mordet,the murder
førte,led
opdager,detects
derud,Out there
maggie,Maggie
forklarer,explains
handle,Act
biiver,Biiver
tændt,turned on
klient,client
vognen,The wagon
slutte,end
hollywood,Hollywood
tilgive,forgive
el,EL
bunden,the bottom
siges,said
chokolade,chocolate
mave,stomach
maven,The stomach
pund,pound
via,Via
vidner,Witnesses
vidunderlig,wonderful
løsning,solution
dick,Dick
rejst,raised
indrømme,admit
officer,officer
køb,purchase
dømt,convicted
pæn,on a
ross,Ross
sadan,such
voksede,grew
frygtelig,terrible
fang,Fang
tøjet,the clothes
dæmon,demon
guder,gods
afgang,take off
løn,pay
uskyldige,Innocent
indeni,inside
svær,difficult
byde,bid
ogsa,also
årig,year old
mødet,the meeting
slutter,ending
forhindre,prevent
stan,Stan
brand,fire
grunde,Reasons
hjæip,HEART
strømmen,the power
køn,sex
spilde,wasted
formål,purpose
stadigvæk,still
hjæipe,Hjæipe
interesse,interest
behov,need
musikken,the music
pressen,The press
imens,Meanwhile
politik,Politics
begik,committed
jaså,Jaså
sikken,Whatings
følelse,feeling
kassen,the box
texas,Texas
skærer,cutting
fan,Fan
parker,Parker
stoppet,stopped
springe,skip
skræmme,scare
mirakel,miracle
nyhederne,the news
skaffer,Gains
hensyn,regards
indre,internal
spilder,wastes
terry,Terry
sårede,wounded
fordel,advantage
forfærdelig,terrible
rykker,Rubborn
eiier,Eiier
kommandør,commander
ønsket,Wanted
mobil,mobile phone
sår,wound
fangede,Caught
talent,talent
skjult,hidden
forresten,By the way
overlevende,survivor
modtager,recipient
sommer,summer
højeste,highest
skørt,skirt
straf,punishment
nyhed,News
hvorhen,where
monsieur,Monsieur
mælk,milk
skibe,Ships
wayne,Wayne
jeff,Jeff
falske,fake
harold,Harold
banke,Banke
flotte,Great
forsinket,delayed
kontakte,contact
øjet,the eye
hospital,hospital
teori,theory
vokser,Growing
laura,Laura
black,Black
ligefrem,straightforward
måder,ways
træffe,meet
duer,you are
abby,Abby
kærligheden,the love
sært,Strange
bryster,breasts
brændte,Burned
ligne,look like
amerikanere,Americans
tekster,texts
guderne,The gods
champagne,champagne
programmet,The program
yo,yo
besat,obsessed
tyv,thief
erfaring,experience
overveje,consider
brændt,burnt
niveau,level
tirsdag,Tuesday
alvorlig,serious
urolig,uneasy
slukke,extinguish
græd,Cry
familier,Families
teknisk,technical
dronningen,The Queen
midten,the middle
rager,rags
driver,Driver
joke,Joke
milde,Mild
mennesket,Man
drak,Drank
vagterne,The guards
fejre,celebrate
pizza,Pizza
smage,Taste
frygteligt,terrible
dækning,coverage
sludder,gossip
staten,the state
potter,Potter
fryser,freezer
risiko,risk
knust,crushed
kilde,source
ladet,charged
anede,suspected
rede,nest
whisky,Whiskey
nøgler,keys
julie,Julie
slik,candy
station,station
døende,dying
ride,ride
butikken,the store
tvunget,forced
Lincoln,Lincoln
inspektør,inspector
hemmelig,secret
lykkes,successful
publikum,audience
finger,finger
vanvid,frenzy
byggede,built
flink,nice
tilbyde,offer
russiske,Russian
blik,look
billetter,Tickets
forstyrrer,disturbs
beskyttelse,protection
skønne,Lovely
kraften,the force
koden,the code
Harvey,Harvey
universitetet,the University
værelset,the room
ryk,RUN
kælderen,The basement
ført,led
skøn,discretion
nosser,Noses
kolde,Cold
spion,spy
fantasi,fantasy
forbrydelse,crime
midnat,midnight
søen,the lake
begå,commit
vant,accustomed
byens,the city's
passende,appropriate
torsdag,Thursday
betød,meant
brud,Bride
udvej,way out
tænd,switch on
uret,the clock
stilling,position
mærker,brands
udføre,perform
spore,track
forleden,the other day
drømte,dreamed
gaver,gifts
ulovligt,illegally
skræmte,scared
bus,bus
weekenden,the weekend
højst,highest
tillade,allow
skændes,quarrel
grave,dig
muren,the wall
bundet,tied
olie,oil
hals,throat
scene,Scene
bygger,Building
on,on
hilse,greet
ondskab,evilness
bevæge,move
konstant,constant
jean,Jean
ligeså,Likewise
punkt,point
linje,line
advare,warn
enheder,devices
kasse,box
afsløre,reveal
nærmest,closest
herud,out here
sammy,Sammy
skuespiller,actor
glor,stare
fjernet,removed
åbent,Open
begået,committed
biev,Beev
fingrene,the fingers
hank,handle
vågne,wake
planeten,The planet
ankommer,arrives
tjekket,checked
berømt,famous
jomfru,Virgin
restaurant,restaurant
magten,the power
brown,Brown
kontrollere,check
angår,concerning
flugt,escape
tyskland,Germany
kina,China
legetøj,toy
skuffet,disappointed
fodbold,football
kilden,The source
id,ID
mm,mm
narre,fool
forfra,over again
mene,mean
skønhed,beauty
annie,Annie
stiger,rises
celle,cell
opgaven,the task
katie,Katie
slutningen,the end
veje,Roads
gordon,Gordon
simpelthen,Simply
ører,ears
sally,Sally
øjeblikket,the moment
heldigvis,fortunately
pga,Due to
betydning,importance
forestil,Imagine
franske,French
simpelt,Simple
billederne,The pictures
amerikaner,American
tydeligvis,Obviously
luke,Luke
pisse,Piss
rådet,the advice
stået,stood
sikkerheds,security
humør,mood
lider,suffering
professionel,professional
missionen,the mission
frankie,Frankie
miami,Miami
maskinen,the machine
miller,Miller
ligegyldigt,No matter
bauer,Bauer
berømte,famous
tyske,German
morgan,Morgan
breve,letters
briller,glasses
åbnede,opened
ansatte,employees
opførsel,behavior
indblandet,interfered
showet,the show
taylor,Taylor
derek,Derek
invitere,invite
udenom,outside
grad,degree
lejligheden,the apartment
spild,waste
forandret,changed
greg,Greg
jaloux,jealous
video,Video
penny,Penny
retfærdighed,Justice
ilden,the fire
signalet,the signal
sandelig,indeed
aflevere,hand in
sjove,Funny
helte,Heroes
Boston,Boston
patient,patient
Jesse,Jesse
brækket,broken
erne,are
benzin,petrol
gemte,saved
tingest,thing
model,model
Jackie,Jackie
søstre,sisters
kriger,warrior
smadre,smash
marshall,Marshall
west,West
kontrakt,contract
strålende,brilliant
imorgen,tomorrow
ændrede,changed
Angela,Angela
håbet,the hope
status,Status
vãre,product
race,race
regn,rain
tilbyder,provides
melder,Report
kontakter,Contacts
journalist,journalist
vrøvl,nonsense
færdigt,done
menneskelige,human
taxi,cab
skift,shift
træne,train
kunnet,been able
typisk,typical
jage,hunt
smadrer,smashes
eks,Ex
oven,Oven
karl,Karl
skygge,shade
bløder,bleeding
brylluppet,The wedding
fornemmelse,sensation
my,My
normale,Normal
søge,search
amok,Amok
undskylder,Apologies
bang,Bang
politimand,police officer
klogt,wise
Patrick,Patrick
flåden,The fleet
iidt,iid
eftersom,since
århundrede,century
grøn,green
Linda,Linda
efterladt,left behind
nigger,nigger
robot,robot
gengæld,SECOND
ost,cheese
drive,drive
vaske,wash
kommissær,Commissioner
arresteret,arrested
nummeret,number one
vågnede,woke
damen,The lady
levet,lived
udover,Besides
ansat,Employed
pilot,pilot
sprænge,blow up
April,April
forskellen,the difference
konen,The wife
dyb,deep
trænet,Trained
tiibage,tiibage
junior,junior
skar,cut
trick,trick
Sean,Sean
ejendom,property
håret,the hair
harjeg,have I
basen,the base
romantisk,romantic
timen,the hour
sorg,grief
storm,storm
forsigtigt,Gently
sandy,Sandy
rider,rides
boksen,the box
vampyr,vampire
træer,trees
ræk,Row
grine,laugh
subtitle,Subtitle
elever,students
farlige,Dangerous
tank,tank
teknologi,technology
tusinde,Thousand
behandling,treatment
vindue,window
bold,ball
sænk,Lower
væsen,creature
velsigne,bless
sukker,sugar
lou,Lou
lortet,The shit
forberedt,Prepared
lær,learn
stolte,proud
villig,willing
skær,glow
las,lock
fandme,dammit
årh,Årh
behandler,treat
frie,free
forlad,Leave
garanteret,Guaranteed
lejr,camp
chancer,chances
røveri,robbery
Wilson,Wilson
emma,Emma
farmand,Farmer
hullet,the hole
forstyrre,disturb
natur,nature
føreren,The driver
huh,Huh
forbundet,connected
paige,Paige
forlovede,fiancé
vanvittigt,crazy
spark,kick
begravelse,funeral
jordens,Earth's
æren,the honor
kunder,Customers
le,scythe
detaljer,Details
angel,Angel
rotte,rat
fejler,fails
drukket,drunk
bestemme,determine
undskyldt,Sorry
tomme,empty
white,White
grimme,ugly
lander,lands
nylig,recent
seiv,Seiv
billet,ticket
ansvaret,Responsibility
kaos,chaos
gale,mad
jakkesæt,suit
baseret,based
tropper,troops
more,amuse
tillader,Allows
vincent,Vincent
trukket,drawn
sandsynligvis,probably
taxa,cab
skub,push
beskidt,dirty
armen,The arm
private,private
befinder,is located
fungere,function
vampyrer,Vampires
afdelingen,The department
nettet,online
Francisco,Francisco
lignede,looked like
sejle,sail
spøgelse,ghost
rob,Rob
femte,Fifth
træder,steps
dørene,the doors
hadede,hated
ambulance,ambulance
pointen,the point
boet,lived
vind,wind
strøm,power
gore,do
dav,Dav
beskeden,the message
indsats,effort
erjeg,am I
Stanley,Stanley
tilsyneladende,Apparently
charmerende,charming
fysisk,physical
ait,Ait
sønnike,Sonike
træde,step
lette,Light
træet,the tree
art,nature
laboratoriet,the laboratory
inviterede,invited
sejler,Sailing
våbnet,weapon
smadret,Smashed
numre,Numbers
babyen,The baby
fjerner,Removes
nakken,The neck
hukommelse,memory
had,hate
nemmere,easier
untranslated,Untranslated
kommandoen,the command
so,lake
blade,Leaves
råbe,shout
russisk,Russian
anklager,prosecutor
elevatoren,the elevator
generer,Generate
skuiie,Skuiie
verdenen,the world
times,Times
turner,Turner
folkene,The people
indse,realize
merlin,Merlin
overvejer,Considering
kinesisk,Chinese
kompliceret,complicated
afhænger,depends
formue,assets
drømt,dreamed
begår,commits
ukendt,unknown
computeren,the computer
jedi,Jedi
neo,Neo
bevare,preserve
byder,offers
åbnet,opened
strisser,Strisses
tasken,the bag
vigtigere,more important
menneskeheden,humanity
døre,doors
kejseren,The Emperor
uniform,uniform
dejlige,lovely
one,One
skab,cabinet
stig,Stig
clark,Clark
rettigheder,Rights
skjuler,Hides
hvorfra,from where
moderne,modern
lækre,delicious
nysgerrig,curious
sædvanlige,usual
bønner,prayers
gætter,guesses
charlotte,Charlotte
officielt,Officially
universet,The universe
langs,along
shh,Shh
betty,Betty
middagen,Dinner
affære,affair
sindssyge,insanity
Doug,Doug
genkender,recognizes
ørkenen,desert
borgmester,mayor
indså,realized
saml,Saml
up,up
rødt,Red
helen,Helen
undersøger,investigates
sønner,sons
ekspert,expert
kaldet,Called
skrider,is progressing
fugle,Birds
derhenne,over there
total,total
butik,Store
trappen,the staircase
fulgt,followed
rimelig,reasonable
rørte,touched
skatten,the tax
hæng,Hang
voksne,adults
salt,salt
lyden,the sound
tvang,Forced
kastede,threw
stukket,stabbed
sommetider,Sometimes
mordere,Murderers
kedeligt,boring
helvedes,Hell
nærmeste,closest
æde,eat
aidrig,Aidrig
bevæbnet,armed
mã,must
rick,Rick
ungerne,The kids
samtidig,simultaneously
ridder,knight
cody,Cody
ankom,arrived
vokse,grow
slange,snake
brækkede,broke
svære,hard
collins,Collins
giftede,married
grib,vulture
milliarder,billions
droppe,drop
river,River
hade,hate
vietnam,Vietnam
andrew,Andrew
kontrollen,the control
smerten,the pain
kanon,cannon
sagtens,Easy
dæmoner,Demons
overtage,take over
undersøgt,investigated
sigte,aim
alvor,seriousness
knuse,crush
genkende,recognize
wade,Wade
dommeren,the judge
sku,Sku
flyvende,Flying
tolv,twelve
hit,Hit
afgjort,settled
klædt,dressed
trin,step
evighed,eternity
vælg,choose
klæder,clothes
nancy,Nancy
ordentlig,proper
brad,Brad
fjolser,fools
lykkelige,Happy
be,be
grønt,green
anakin,Anakin
omstændigheder,circumstances
gyldne,golden
kollega,colleague
grant,Grant
venskab,friendship
ansigter,faces
katastrofe,disaster
opføre,erect
kampe,matches
løgne,lies
risikere,risk
rende,Rende
oversættelse,translation
afrika,Africa
todd,Todd
halve,half
deltage,take part
gifter,Married
benet,The leg
evne,ability
måden,the way
kraftedeme,the power
eva,Eva
rusland,Russia
lillebror,little brother
bryst,breast
ho,hay
drager,dragons
flygter,flees
læger,doctors
støtter,Supports
nåh,Oh
profil,profile
rørt,touched
siddet,sat
sikret,secured
virus,virus
dansk,Danish
tisse,pee
svinet,pig
nævne,mention
jersey,Jersey
fu,Fu
yderligere,more
kvinderne,The women
løst,solved
ideer,Ideas
uhyre,monster
stolthed,pride
vække,wake
sving,swing
samling,collection
opnå,obtain
imponeret,Impressed
josh,Josh
godkendt,Approved
bevægelse,movement
fjernsynet,television
detektiv,detective
bekæmpe,combat
røvfuld,asshole
løft,lift
jager,hunting
svarede,replied
ammunition,ammunition
højde,height
green,Green
rydde,clear
artikel,Article
såre,hurt
cowboy,Cowboy
ankommet,arrived
mia,Mia
tilbringe,spend
trykke,press
koste,cost
snyde,cheat
favorit,favorite
håndtere,handle
desperat,desperate
direktør,Manager
indeholder,Contains
forventede,Expected
stede,present
rygter,Rumors
julemanden,Santa Claus
fisse,Pussy
hoid,Hoid
skabet,The closet
informationer,Information
magiske,Magic
spændt,tense
kung,Kung
forskning,research
rækker,rows
taknemmelig,grateful
kunde,customer
megen,much
æder,eats
teddy,Teddy
kanal,channel
pinligt,embarrassing
ms,MS
tilgiver,Forgiver
heldigt,lucky
blande,mix
startet,started
sjæle,Souls
hesten,The horse
knibe,pinch
kyssede,kissed
varmen,the heat
handlede,acted
karen,Karen
nøjagtig,accurate
sans,Sense
bider,biting
mistænkt,suspected
benjamin,Benjamin
jill,Jill
mac,Mac
fbl,FBL
kontanter,cash
medlemmer,Members
skjorte,shirt
forfatter,author
bomber,bombs
kæmpet,fought
senatet,Senate
tysk,German
klubben,The club
monica,Monica
hoveder,Heads
yngre,Younger
kriminelle,criminals
slaver,Slaves
flygtede,fled
melde,report
fortabt,lost
stammer,originates
isen,The ice
selve,The very thing
spar,save
befri,free
dyrt,expensive
kriminalbetjent,criminal officer
freddy,Freddy
svage,Weak
fortryde,regret
elev,student
menneskelig,human
stark,Stark
stjerner,Stars
modstand,resistance
hjælpen,the help
svaghed,weakness
civile,civilians
forhandle,negotiate
reb,rope
bjerget,the mountain
årsag,cause
handlinger,Actions
hermed,herewith
me,Me
Jennifer,Jennifer
modtage,receive
beskeder,Messages
tyskerne,The Germans
storartet,Great
troldmand,Wizard
gu,Gu
Anderson,Anderson
undersøgelse,examination
hjulpet,helped
identitet,identity
uddannelse,education
mulige,possible
Caroline,Caroline
pistoler,Guns
skinner,shines
gade,Riddle
stige,increase
faktum,fact
parken,the park
repræsenterer,represents
island,Iceland
bro,bridge
advokater,Lawyers
ian,Ian
Barbara,Barbara
kommando,command
tip,tip
jeps,Yeps
helikopteren,the helicopter
daggry,dawn
truer,threatening
militæret,the military
Florida,Florida
badeværelset,bathroom
school,School
konto,account
sne,snow
klub,club
stodder,Stodder
usædvanligt,unusual
rodet,messy
skåret,cut
handling,action
naturen,the nature
faret,Far
boy,Boy
åhh,Ohh
vejr,weather
presse,Press
sluppet,released
sport,sport
ulækkert,disgusting
kujon,coward
byer,Cities
villet,WILL
dyrebare,precious
prue,prue
moskva,Moscow
diamanter,Diamonds
påstår,claims
runde,round
pak,Pack
trykker,push
sol,sun
behandle,treat
homer,Homer
våbnene,the weapons
personlig,personal
pjat,nonsense
huse,Houses
pyt,Never mind
narrøv,NARRØV
sådanne,Such
forræder,traitor
tøser,cocks
ford,Ford
per,Per
modsatte,opposite
logan,Logan
brevet,the letter
udtryk,expression
aaron,Aaron
fornuft,sense
landsby,village
narko,Drugs
sindssygt,insane
behandlet,treated
band,Band
niks,Nick
accepterer,Accepts
fremskridt,progress
passede,fit
planlægger,plan
dean,Dean
krone,Crown
chauffør,driver
presset,pressed
onsdag,Wednesday
master,Master
no,no
andres,others
øverste,top
hvidt,white
nødig,Needy
smukkeste,most beautiful
nævnt,mentioned
opdage,discover
ko,cow
raymond,Raymond
forblive,remain
reaktion,reaction
knepper,fucking
jacob,Jacob
forbliver,remain
dømme,judge
tvinge,Forcing
pakket,Packed
udvalgte,selected
værk,work
tiger,tiger
kæmp,Fight
stof,fabric
sjældent,rarely
besøger,visiting
fester,parties
rocky,Rocky
kysten,the coast
konkurrence,competition
samlede,Collected
røret,the tube
virginia,Virginia
tracy,Tracy
tørre,dry
overbevist,confident
cigaret,cigarette
synder,sinner
bjørn,bear
jessica,Jessica
lejren,The camp
overfladen,the surface
tælle,count
afsluttet,finished
junglen,The jungle
beth,Beth
marie,Marie
hentede,picked up
bli'r,Bli'r
atjeg,that I
earl,Earl
værdsætter,appreciate
bind,Bind
kræft,cancer
afgøre,decide
savnede,Missed
chok,shock
diego,Diego
råber,yells
biblioteket,the library
pladser,Seats
nytter,Use
føde,food
bestilt,ordered
samfund,community
avis,newspaper
bemærket,noticed
cigaretter,Cigarettes
rigeligt,plenty
fødselsdagen,birthday
juni,June
base,Base
øve,practice
skriger,Screaming
tusindvis,Thousands
lavt,low
buddy,Buddy
ydre,exterior
anne,Anne
grand,Grand
port,gate
gevær,gun
bløde,soft
samt,as well
bagud,Back
operationen,the operation
udseende,appearance
kuglen,The ball
sygeplejerske,Nurse
skadet,hurt
forventet,Expected
kloge,Wise
jay,Jay
skyldes,owed
nuværende,present
rapporter,Reports
kristus,Christ
slave,slave
patienter,Patients
nakke,Neck
blinde,blind
osse,OSSE
boller,Buns
skubbe,push
stjernerne,The stars
carol,Carol
engelske,English
irriterende,annoying
emne,subject
willy,Willy
fylde,fill
deling,Sharing
fjollet,foolish
forhåbentlig,hopefully
udsat,exposed
eksamen,examination
maskiner,machines
blød,soft
bestille,order
sæk,sack
it,It
albert,Albert
hårdere,harder
afbryde,interrupt
mikey,Mikey
menneskene,The people
motoren,the engine
von,von
pointe,Point
score,Score
indtryk,impression
politisk,political
komplet,complete
våd,wet
bella,Bella
putte,put
mode,fashion
sloane,Sloane
hjerter,hearts
amanda,Amanda
gris,pig
nabo,neighbor
tæppe,blanket
nicholas,Nicholas
september,September
virkelighed,reality
beundrer,admirer
drinks,Drinks
bolle,bully
pä,on
cooper,Cooper
houston,Houston
katherine,Katherine
fort,Fort
utro,cheat on
spejlet,the mirror
overtager,takes over
regning,bill
generalen,The General
beskyttet,Protected
heie,HEIE
amerikanerne,Americans
ethvert,every one
loftet,the ceiling
følgende,following
forbandelse,curse
søgte,sought
klippe,cut
metal,metal
pakker,Packages
smiler,Smiles
gruppen,The group
sparke,kick
olivia,Olivia
myndighederne,the authorities
forrest,front
udstyret,equipment
samvittighed,conscience
brænd,Burn
vægt,weight
kr,Kr
hughes,Hughes
tjekkede,checked
andel,share
julen,Christmas
tjente,served
tomt,emptied
ånder,spirits
ann,Ann
forvente,expect
opgive,abandon
meldte,reported
skjulte,hidden
løfter,Promises
skrivebord,desk
styrker,forces
hot,Hot
slaget,the battle
snød,cheated
enestående,unique
lån,loan
lastbil,lorry
bridget,Bridget
chloe,Chloe
siddende,Sitting
skræmt,frightened
hule,cave
kok,chef
elena,Elena
gary,Gary
reed,Reed
vinger,wings
ligeglade,indifferent
gibbs,Gibbs
skiftet,the changed
tjent,earned
gates,gates
rasende,furious
militær,military
grænser,borders
dale,Dale
august,August
rotter,rats
desto,the
gaderne,The streets
forvejen,already
brystet,the chest
japan,Japan
oplevelse,experience
linie,Line
undrer,wonders
fødderne,the feet
advarede,warned
omvendt,vise versa
pose,bag
cm,cm
sä,so
kysser,Kissing
frivilligt,Volunteer
mulig,possible
minister,minister
gule,Yellow
duke,Duke
dages,Days
kastet,thrown
friske,fresh
mars,Mars
rapporten,The report
kur,cure
binde,tie up
elendig,miserable
psykopat,psychopath
afsløret,revealed
nordpå,north
fjernsyn,Television
nytte,benefit
knogler,Bones
oplevet,experienced
bla,Among other things
sektor,sector
tynd,thin
tung,heavy
sværere,harder
robin,Robin
kostede,cost
sofaen,the sofa
mil,mile
shrek,Shrek
borgmesteren,The mayor
studerende,student
austin,Austin
almindelige,common
katten,the cat
sygt,sick
evig,eternal
kærester,lovers
boks,box
salg,Sales
manglede,was missing
kilder,Sources
kirk,Kirk
vinderen,the winner
bund,bottom
opleve,experience
surt,Sour
oktober,October
gården,the farm
støvler,boots
foretage,make
værdi,value
sophie,Sophie
ken,Ken
sværdet,The sword
blæser,fan
alarmen,the alarm
skuffe,disappoint
ronnie,Ronnie
sandwich,sandwich
tina,Tina
je,Je
jøde,Jew
stillet,Posted
williams,Williams
røget,smoked
rykke,jerk
menneskets,Man's
fræk,naughty
forberede,prepare
tilbød,offered
lugt,smell
sky,cloud
overbevise,convince
greb,grip
rådne,rot
udført,performed
hviler,rests
specielle,special
baseball,Baseball
fakta,FACTS
prøven,the test
cykel,bike
ærgerligt,Too bad
mægtige,Grand
tænde,switch on
beviserne,the evidence
seje,cool
systemer,Systems
jin,Jin
korporal,corporal
kg,kg
øvelse,exercise
ethan,Ethan
dennis,Dennis
national,national
drab,killing
søg,Search
fattige,Poor
træerne,the trees
ryster,is shaking
kørekort,driver's license
ordren,the order
respekterer,respects
maj,May
kinesiske,Chinese
lenny,Lenny
videnskab,science
afbrudt,disconnected
kongens,The King's
golf,golf
rense,clean
matthew,Matthew
murphy,Murphy
cæsar,Caesar
air,Air
juli,July
donna,Donna
smadrede,smashed
skrige,scream
bidt,bitten
huller,holes
bakke,tray
loyalitet,loyalty
håndjern,handcuffs
midler,Funds
admiral,admiral
fortsat,continued
klogere,Wiser
harris,Harris
ældste,Elder
professionelle,Professional
skærmen,the screen
kommende,upcoming
Francis,Francis
jag,Jag
robinson,Robinson
vagten,the guard
himmel,sky
karakter,Grade
adressen,the address
formand,Chairman
Ellie,Ellie
omringet,surrounded
forsvarer,Defender
na,reach
omme,Omme
Pearl,Pearl
Carrie,Carrie
tålmodighed,patience
besætningen,The crew
leje,rent
kidnappet,kidnapped
gymnasiet,high school
tilladt,allowed
besøgte,visited
zone,zone
mystisk,mysterious
djævel,devil
lake,Lake
løsladt,released
læber,lips
mærkelig,strange
fox,Fox
matrix,matrix
forstanden,The mind
identificere,identify
krigere,Warriors
risikerer,risk
hjørne,corner
smarte,Smart
kameraer,Cameras
sekretær,secretary
muligheden,the opportunity
forlanger,Requires
mus,mouse
graven,The grave
udkig,Looking
kunstner,Artist
andens,another
Carlos,Carlos
Gina,Gina
fyrene,The guys
katte,cats
Dallas,Dallas
Snyder,Cheating
nevø,nephew
tvinger,Forcing
landsbyen,the village
aktiveret,activated
hurtige,Fast
opfør,List
møgsvin,Pigs
samfundet,community
offentligt,in public
dexter,DEXTER
rygte,rumor
mærkelige,weird
foreslå,propose
flag,flag
levere,deliver
kniven,The knife
Michelle,Michelle
central,central
lyttede,Listened
harvard,Harvard
råbte,shouted
dagbog,diary
magisk,magic
omgående,immediately
orker,orcs
føltes,felt
underlige,Strange
hovedpine,headache
rive,tear
naturligt,naturally
steg,roast
Alexander,Alexander
forsiden,Home
anmoder,requests
sommeren,the summer
templet,The temple
sue,Sue
skride,slide
fylder,Filling
Molly,Molly
USA's,USA
interview,interview
offeret,the victim
slottet,The castle
forbryder,criminal
forbindelsen,the connection
gribe,to catch
Jonathan,Jonathan
forræderi,treason
låse,lock
sultne,Hungry
hiv,HIV
Ricky,Ricky
kammerater,Comrades
sange,Songs
mmm,mmm
bingo,Bingo
ctu,CTU
rulle,roll
ka,Ka
frygte,fear
alverden,the world
fascinerende,fascinating
valget,the choice
gã,go
overvejet,considered
grå,Gray
sure,sour
blue,Blue
hjemmefra,from home
strømer,Streams
pension,pension
indflydelse,influence
vokset,grown
dyre,expensive
overraske,surprise
sprænger,blasting
flyv,Fly
Steven,Steven
simpel,simple
nogie,Nogie
papirerne,The papers
forenede,united
kokain,cocaine
ruller,Rolls
fangerne,The prisoners
affyret,fired
suppe,soup
skulder,shoulder
kedelig,boring
snarere,rather
www,www
kanin,rabbit
irak,Iraq
heit,Heit
lomme,pocket
mordor,Mordor
resultatet,the result
vidunderlige,Wonderful
udsigt,view
trykket,pressed
linjen,The line
forsæt,Continue
trætte,Tired
britiske,British
beslutninger,decisions
fatte,Family
studere,study
hængt,Hanged
bland,Mix
sigt,Aim
genialt,brilliant
haven,the garden
alles,Alles
spansk,Spanish
døv,deaf
livets,The life's
besejre,defeat
doktoren,The Doctor
opfandt,invented
do,die
blander,Mixing
spare,save
aviserne,The newspapers
bøde,lived
sebastian,Sebastian
aragorn,Aragorn
stående,standing up
kennedy,Kennedy
utrolige,Incredible
curtis,Curtis
danske,Danish
modstå,withstand
efterlad,Leave
stormen,the storm
tankerne,the thoughts
gus,Gus
th,th
således,thus
cent,cent
fortryder,regrets
grimt,ugly
paradis,paradise
spøgelser,ghosts
fase,phase
pung,wallet
ballet,Ballet
Nathan,Nathan
indrømmer,admit
sheriffen,the sheriff
morer,Mother
tværs,Cross
bekymring,concern
følt,felt
serie,series
spyt,saliva
tusinder,Thousands
tales,Tales
forbindelser,connections
vejer,weighs
korte,driving
vært,host
brændstof,fuel
udfordring,challenge
spænd,Tension
negativ,negative
natalie,Natalie
smerter,Pain
guldet,The gold
rimeligt,reasonable
morpheus,Morpheus
lederen,person in charge
knald,Big
november,November
afbryder,circuit breaker
øvrigt,Other
skrig,cry
lykkeligt,Happy
universitet,University
bagi,Behind
hvil,rest
agter,Agent
mægtig,mighty
kapitel,chapter
koncentrere,concentrate
formentlig,Presumably
pille,pill
ta'r,Ta'r
banden,The gang
flyder,Flows
beskrive,describe
penis,penis
kongelige,Royal
lntet,lnet
bestilte,ordered
farfar,grandfather
fortæi,Fortæi
sd,SD
pladsen,the space
opgaver,Tasks
værst,worst
ligemeget,does not matter
joseph,Joseph
bjerg,mountain
fingeren,the finger
revet,torn
oliver,Oliver
sparrow,Sparrow
består,consists
mistanke,suspicion
sparker,kicks
gader,streets
affald,trash
markedet,the market
fyrer,fires
tabere,Losers
hersker,ruler
måltid,meal
cindy,Cindy
brækker,Breaks
forfærdelige,terrible
pæne,pretty
nem,Easy
udnytte,take advantage of
tilfældigvis,coincidentally
metoder,Methods
slukket,turned off
vældig,mighty
seriøs,serious
selvføigelig,Overall
særlige,special
kuffert,suitcase
gennemgå,review
alkohol,alcohol
leonard,Leonard
såsom,like
skyggen,The shade
tungt,Heavy
djævlen,the devil
skille,Separate
venlige,friendly
tyder,suggests
nordlige,northern
kram,Hug
dragt,suit
insisterer,insists
Danish,Danish
keder,bored
reparere,repair
fãr,sheep
evan,Evan
fortjente,deserved
frakke,Coat
krydse,Cross
restauranten,the restaurant
spildt,wasted
flod,River
richie,Richie
hentet,picked up
gentage,repeat
special,Special
tekst,text
tosse,Tossing
indbrud,Burglary
forlovet,engaged
legende,legend
undskyid,Expukyid
lawrence,Lawrence
bekræfte,confirm
centrum,center
Mickey,Mickey
tyk,thick
patter,teats
palmer,Palms
just,just
udviklet,Developed
aftensmad,dinner
truffet,trapped
blomst,flower
antal,number
skred,Shipping
bart,Bart
kvik,Kvik
søns,Son
støv,dust
pirat,pirate
skrub,Scrub
nøje,closely
kusine,cousin
walker,Walker
center,Center
bishop,Bishop
heroin,heroin
grænse,limit
avenue,Avenue
engle,Angels
betragtning,consideration
brors,Brors
gut,Gut
svigter,fails
vic,Vic
cal,Cal
Vaughn,Vaughn
Audrey,Audrey
indien,India
bøn,prayer
venligt,friendly
made,manner
landets,the country's
Hannah,Hannah
slukker,turns off
jordan,Jordan
undergang,Downfall
flydende,liquid
områder,areas
baker,Baker
materiale,material
angrib,Attack
baggrund,background
pragtfuldt,wonderful
rettet,corrected
overgiver,surrenders
toilet,Toilet
kones,Kings
idéer,Ideas
kigget,looked
ryste,shake
hilsen,Regards
sikkerheden,Security
gerningsstedet,The scene of the crime
hoppede,jumped
skuespil,play
zack,Zack
mail,mail
mesteren,the master
hytte,Cabin
rebet,rope
skilsmisse,divorce
advarer,warns
forklar,Explain
klovn,clown
frygtelige,Terrible
lloyd,lloyd
kanten,the edge
frygtede,feared
stilhed,silence
svigtet,let down
com,com
frugt,fruit
stillede,posed
honning,honey
gammeldags,old-fashioned
hundene,The dogs
skæg,beard
duk,DUK
rute,route
mørkets,Darkness
klassen,the class
himlens,Heaven's
jagter,chasing
puls,pulse
bide,bite
indser,realize
flov,embarrassed
erik,Erik
stykket,The piece
warren,Warren
ludere,whores
anholde,arrest
larm,noise
dato,date
walt,Walt
wendy,Wendy
beach,Beach
bunke,pile
riley,Riley
inviterer,invite
vækker,waking
politiske,Political
identificeret,identified
pragtfuld,Great
havnen,The harbor
kejser,Emperor
besvær,trouble
australien,Australia
timers,hours
underskrive,sign
wyatt,Wyatt
sauron,Sauron
skamme,shame
spred,Spread
ry,Ry
slips,tie
forandre,change
gonna,Gonna
tårer,Tears
lev,Live
sydpå,south
sprut,booze
elendige,miserable
jeremy,Jeremy
ånde,breathe
forbered,Prepare
forbrydelser,Crimes
marvin,Marvin
holly,Holly
langsom,slow
minus,minus
stephen,Stephen
menig,private
hang,Hang
spørgsmåi,question
æsel,donkey
malcolm,Malcolm
nicky,Nicky
humor,humor
meddelelse,announcement
flåde,fleet
motor,engine
frygten,the fear
vince,Vince
truet,threatened
hastighed,velocity
mellemtiden,Meanwhile
mørk,dark
bak,BAK
single,Single
kredsløb,orbit
vaek,away
lauren,Lauren
reagerer,responds
ryddet,Cleared
robotter,Robots
syng,Sing
brormand,Bro
græs,grass
kryb,Creep
madame,Madame
bolt,bolt
opringning,calling
traf,traffle
hekse,Witches
hill,Hill
mio,DKK million
daisy,Daisy
transport,Transport
gul,yellow
christine,Christine
football,Football
grebet,The grip
dødelig,lethal
gidsel,hostage
borgere,Citizens
galning,madman
faren,the danger
wallace,Wallace
forstand,sense
tillad,Allow
lektier,homework
holdes,held
feste,party
forgæves,in vain
jess,Jess
fokusere,focus
jøder,Jews
knuser,crush
blåt,blue
snydt,cheated
slapper,relax
ryd,clear
flygtet,escaped
kriminalitet,criminality
gãre,Garden
gabriel,Gabriel
glasset,the glass
vei,Vei
sø,lake
ulv,wolf
trænge,In need
billig,cheap
halvdel,half
terrorister,terrorists
milo,Milo
oprør,rebellion
kroppe,bodies
nøgne,naked
afgørende,essential
offentlig,public
wall,Wall
martha,Martha
oscar,Oscar
stolede,trusted
aber,monkeys
modet,the meeting
kreditkort,Credit card
fiske,go fishing
clay,Clay
craig,Craig
sméagol,Sméagol
kontrollerer,checks
skrue,screw
bur,cage
udvalgt,selected
vodka,vodka
ignorere,ignore
skreg,scream
hyrede,hired
skilles,separated
kontakten,the contact
rådgiver,adviser
peger,Pointing
pastor,pastor
nægtede,refused
tragedie,tragedy
officerer,Officers
afhængig,dependent
ofret,sacrificed
knappen,button
tilfældigt,random
gård,farm
miranda,Miranda
ups,Oops
regningen,the bill
partnere,Partners
optagelse,recording
hestene,The horses
horn,horn
bekræfter,confirms
eve,Eve
sydlige,southern
blæse,blow
lommen,pocket
risikoen,the risk
årige,year old
nøjagtigt,exactly
bagage,luggage
armene,arms
bekymrede,worried
datters,Daughter
måneden,the month
adlyde,obey
kommunikation,Communication
casey,Casey
mobiltelefon,mobile phone
aah,Aah
hævet,raised
gentleman,gentleman
faderen,The Father
regnen,the rain
opmærksom,attentive
ligene,the bodies
forsvaret,defense
kede,bored
flad,flat
afvist,rejected
mur,wall
respektere,respect
saruman,Saruman
bourne,Bourne
stater,States
detaljerne,The details
little,Little
iorden,alright
canada,Canada
skydningen,the shooting
rækkevidde,range
almindeligt,generally
biive,Bay
vasker,Washing
smile,smile
spanien,Spain
bjerge,Mountains
watson,Watson
uhyggeligt,scary
modtog,received
internettet,the Internet
nelson,Nelson
kagen,the cake
dreje,turn
road,Road
arrangeret,arranged
soveværelset,bedroom
gwen,Gwen
moore,Moore
fløjet,flown
allison,Allison
colin,Colin
delta,Delta
landede,landed
underskrevet,signed
begrave,bury
hammer,hammer
enormt,huge
gutterne,The guys
fletcher,Fletcher
lane,borrow
benny,Benny
møg,mug
rejsen,the journey
genert,shy
enorm,enormous
kørende,driving
garagen,the garage
italiensk,Italian
forfølger,pursuing
symbol,symbol
house,House
dværg,Dwarf
bær,berry
tilstedeværelse,presence
justin,Justin
kager,cakes
fiona,Fiona
lfølge,Follow
davis,Davis
jern,iron
periode,period
bi,bee
forandring,change
motorcykel,motorcycle
udslette,Wiped out
personale,staff
mel,flour
vask,wash
cirkus,circus
sund,healthy
ordene,The words
syne,sight
nuttet,cute
allen,Allen
klæde,cloth
ment,ment
forbrydere,Criminals
igår,yesterday
merry,Merry
tilintetgøre,destroy
feber,fever
pan,Pan
nødsituation,emergency
organisation,organization
sprede,spread
helbred,health
fans,Fans
sjette,Sixth
praktisk,practical
aviser,newspapers
billigt,cheap
allierede,Allies
lufthavn,airport
reese,Reese
posen,The bag
megan,Megan
svigtede,failed
version,version
koner,wives
undvære,do without
truede,threatened
spillere,Players
foretager,doing
tand,tooth
hong,Hong
ordnede,arranged
dybere,deeper
præsidentens,the president's
fjendens,enemy
laboratorium,laboratory
bell,Bell
stirrer,stare
djævelen,the devil
teknik,technique
putter,Putter
trøst,comfort
blandet,mixed
sejl,Sail
guide,guide
spredt,scattered
overfaldet,assaulted
pot,Pot
lorte,shit
quinn,Quinn
hurra,Hurray
sy,sew
rystet,shaken
brødrene,the brothers
farver,Colors
styrtede,crashed
bagagerummet,the trunk
brooklyn,Brooklyn
undervise,teach
dufter,smells
driller,teasing
ejeren,the owner
mystiske,mysterious
lucas,Lucas
ged,goat
krise,crisis
antager,Assuming
forretningen,The business
lag,layer
dyrke,cultivate
long,Long
travis,Travis
vaeret,been
lokal,local
aktivitet,activity
tykke,thick
behøves,needed
balance,balance
media,media
male,paint
trøje,Shirt
lugten,The smell
fjæs,Feather
enterprise,Enterprise
myrder,murders
stål,steel
orange,orange
foto,Photo
beslutter,decides
tess,Tess
norbit,Norbit
misforståelse,misunderstanding
hovedkvarter,headquarters
luther,Luther
røve,rob
eksplosion,explosion
sti,path
skjold,Shield
sølv,silver
offentlige,public
stuen,the living room
overrasker,surprises
passet,looked after
sprøjte,syringe
frelse,save
optager,Records
overlevet,survived
nina,Nina
hale,tail
skoene,The shoes
beslutte,decide
online,Online
efterforskning,investigation
forsyninger,Supplies
afbryd,Disconnect
standard,standard
kultur,culture
hævne,avenge
vækkede,aroused
nogens,anyone
meldt,reported
ber,Ber
damon,Damon
pakken,The package
koma,Coma
haj,shark
spjældet,The damper
hassan,Hassan
branche,business
vesten,The West
laser,laser
dyrene,the animals
cuba,Cuba
kay,Kay
skider,shit
fabrikken,the factory
knus,Hug
missiler,Missiles
knuste,crushed
computere,computers
alpha,Alpha
anklaget,accused
protest,protest
hatten,The hat
køkken,kitchen
projektet,The project
hyret,hired
satellit,satellite
laden,the barn
dropper,drop
skredet,the slide
aktier,equities
afleverer,Deliver
willie,Willie
ejendele,belongings
hygge,fun
out,Out
liz,Liz
stolen,the chair
generation,generation
agt,AGE
marken,The field
bestyrelsen,Board of Directors
dodge,Dodge
tunnel,tunnel
guvernør,governor
styrken,the strength
seattle,Seattle
udgang,way out
re,re
troy,Troy
matematik,mathematics
herrens,Lord's
tørstig,thirsty
skak,chess
skråt,oblique
kriminel,criminal
længst,longest
hemmeligheden,The secret
populær,popular
dags,day
bankede,knocked
put,Put
barnebarn,grandson
hal,hall
orlov,leave of absence
dødt,dead
klager,complaints
væsner,creatures
resultater,Results
forbandelsen,the curse
mormor,grandmother
nash,Nash
bilbo,Bilbo
forsikre,assure
intelligent,intelligent
delt,Shared
vænne,turn
legede,played
ulykkelig,unhappy
nødvendige,necessary
rebecca,Rebecca
kolleger,colleges
nætter,Nights
løjet,lied
religion,religion
anthony,Anthony
manhattan,Manhattan
damerne,The ladies
genere,annoy
south,South
kane,sleigh
baglæns,backwards
hawaii,Hawaii
kke,CK
victoria,Victoria
christian,Christian
er,is
præsten,The priest
slot,castle
mærket,labeled
tilkald,Call
griber,Grabbing
psykiater,psychiatrist
mitch,Mitch
overordnede,overall
lily,Lily
bush,Bush
farer,dangers
skiftede,changed
samarbejder,Collaborations
pil,arrow
fartøj,Vessel
besætning,crew
franklin,Franklin
arrangere,arrange
klatre,climb
sun,Sun
lyse,bright
lastbilen,the truck
undertøj,underwear
lisbeth,Lisbeth
krydser,Crossing
overtale,persuade
usynlig,invisible
bilerne,the cars
afslører,reveals
julia,Julia
shaw,Shaw
konkurrencen,the competition
retfærdigt,fair
kenny,Kenny
mcclane,McClane
overgive,surrender
liggende,lying down
japansk,Japanese
efterforskningen,the investigation
holdning,attitude
fattet,made
taie,Taie
atter,again
graver,Graves
presser,presses
tæve,bitch
plet,spot
stefan,Stefan
tåle,endure
tradition,tradition
naboer,Neighbors
interesserer,Interests
lam,lamb
forestilling,show
woody,Woody
aktiv,active
trafikken,the traffic
hall,Hall
north,North
pam,Pam
mødre,mothers
øjeblikkeligt,immediately
løser,solves
ilt,oxygen
buzz,Buzz
udnytter,utilizes
ofrene,The victims
huden,the skin
personen,the person
rita,Rita
maskinerne,the machines
erjo,is
svømmer,swim
pisser,Pisses
eksploderer,exploding
skammer,Shame
klip,Cut
sild,Herring
santa,Santa
norman,Norman
lovligt,legally
betaling,payment
tungen,the tongue
beverly,Beverly
kursen,the course
drømmen,the dream
ambassadør,ambassador
stu,STU
biografen,the cinema
tårnet,the tower
morsom,funny
ivan,Ivan
ærlige,Honest
reklame,Advertising
garanti,guarantee
samantha,Samantha
samtalen,The conversation
forstærkning,reinforcement
nævner,Mention
ærede,Honorable
vinkel,angle
grundigt,thoroughly
koncentrer,Concentrates
bevæbnede,armed
iiiie,iiiie
bay,Bay
hor,hear
forrådte,betrayed
mønster,pattern
edmund,Edmund
kortene,The cards
fornemmer,sense
privatliv,privacy
konger,Kings
skaffet,obtained
arv,inheritance
felix,Felix
pâ,on
obi,Obi
troen,Faith
bedes,please
slutning,end
bakken,the hill
carson,Carson
mangel,lack
geværet,the rifle
mason,Mason
debbie,Debbie
stød,shock
soldaterne,the soldiers
dusin,dozen
billige,Cheap
rollen,The role
nederlag,defeat
åndssvage,spiritually weak
aftenens,The evening's
beskyt,Protect
isabel,Isabel
skynet,Skynet
voldsomt,violent
livstid,Lifetime
sænke,lower
brændende,burning
come,Come
tårn,tower
søreme,The sores
trapperne,the stairs
lidelse,suffering
eksplosionen,the explosion
jamie,Jamie
mærk,Feel
tænderne,The teeth
grupper,groups
aitid,Aitid
sejren,The victory
gentlemen,Gentlemen
begivenhed,event
motorvejen,the highway
bruden,The bride
ledig,available
straffet,penalized
foden,the foot
branden,The fire
udvikle,develop
kasser,Boxes
clyde,Clyde
tyggegummi,chewing gum
rygtet,The rumor
fã,few
voyager,Voyager
velsignet,Blessed
tricks,Tricks
forsikring,insurance
international,international
udtale,pronunciation
pop,Pop
stone,Stone
spider,Spider
genial,brilliant
prinsen,The prince
afsnit,section
fyld,Fill
gangs,Gangs
oz,oz
følsom,sensitive
drukne,drown
flår,Rins
gloria,Gloria
plage,teasing
væg,wall
deltager,participant
bagfra,from behind
rosa,pink
retssag,lawsuit
afdøde,deceased
blad,leaf
phoenix,Phoenix
sodavand,soda
distrikt,district
lægerne,the doctors
skiltet,The sign
kiar,Kiar
um,um
elliot,Elliot
spreder,Spreads
roser,Roses
forgiftet,poisoned
hellig,holy
omsider,finally
indstil,Set
droppede,dropped
begravelsen,the funeral
kiste,chest
veronica,Veronica
overbetjent,sergeant
dessert,dessert
manglende,lacking
wan,wan
undgår,avoids
ankomst,arrival
enorme,huge
forrådt,betrayed
d'herrer,d'hords
kvarteret,The neighborhood
ørerne,the ears
lur,nap
kontrakten,the contract
undersøg,investigate
overvågning,monitoring
kvit,Kvit
udvikling,development
fjernede,removed
værdig,worthy
smuttet,slipped
bagdøren,The back door
judy,Judy
ideen,The idea
navnene,The names
kræve,require
værktøj,tool
øjeblikke,moments
mcgee,McGee
randy,Randy
lager,stock
brække,break
parti,party
klør,claws
samles,gather
rådighed,availability
hil,Hil
elvis,Elvis
museum,museum
iaver,IAVER
nation,nation
døgnet,24 hours a day
alvorlige,Serious
intelligens,intelligence
delte,shared
underviser,teacher
latin,Latin
føj,EW
herr,Mr.
satser,Rates
mappe,briefcase
usædvanlig,unusual
kriminalassistent,Criminal Assistant
ulykken,the accident
aftrækkeren,The trigger
hovedkvarteret,the headquarters
vinter,winter
haster,urgent
bekymringer,worries
bevist,proven
varsel,notice
fejrer,celebrating
designet,Designed
gondor,Gondor
nyeste,most recent
spærret,blocked
begyndelse,beginning
spyd,spear
fattig,poor
ægtemand,husband
burke,Burke
kaffen,The coffee
bevidstløs,unconscious
årets,the year's
last,cargo
diskret,discreet
ralph,Ralph
ali,Ali
aha,Aha
tvillinger,Twins
sluttede,ended
modstander,opponent
tatovering,tattoo
kø,queue
årsagen,the reason
fuglen,the bird
døtre,Daughters
hut,Hut
sæson,season
synet,the sight
kristen,Christian
secret,Secret
nicole,Nicole
påvirker,affects
bygninger,Buildings
united,United
hyre,hire
modige,brave
kvindelige,female
tilpas,Customize
whoo,Whoo
sherman,Sherman
vane,habit
filer,Files
uventet,unexpected
glimt,Glimpse
sexede,Sexy
vinduer,Windows
politibetjent,police officer
anders,Anders
chip,Chip
noah,Noah
neil,Neil
turde,dared
kongressen,Congress
beskyttede,protected
sangen,the song
dygtige,talented
forfremmet,promoted
udtalelse,Statement
umulig,impossible
ih,I h
dermed,thus
efternavn,last name
ægteskabet,the marriage
fil,file
selskabet,The company
klipper,rocks
hore,hear
marco,Marco
herredet,Lord
stress,stress
vidnet,The witness
køleskabet,the refrigerator
evnen,the ability
hængende,Hanging
sær,weird
posten,mail
værelser,rooms
svor,swore
interessante,Interesting
almægtige,Almighty
huskede,remembered
skjul,Hide
skru,screw
toby,Toby
flint,Flint
forståelse,Understanding
kopier,Copy
knalde,bang
ki,Ki
japanske,Japanese
tegnet,drawn
kjolen,the dress
præsenterer,presents
vinteren,the winter
panden,forehead
lester,Lester
paranoid,paranoid
pá,on
omgivet,surrounded
dansede,danced
obersten,Colonel
lektion,Lesson
gi'r,GI'R
pool,Pool
hector,Hector
tøsedreng,Tøsedbreng
øhm,Uhm
jared,Jared
knække,break
fandtes,found
